Id,Label,timeset,Degree,modularity_class,Weighted Degree,Eccentricity,closnesscentrality,harmonicclosnesscentrality,betweenesscentrality,pageranks,componentnumber,clustering,triangles,eigencentrality
10472,BLACK PANTHER/T'CHAL,,704,2,2303,4,0.495256,0.519422,303468.289234,0.001472,0,0.138425,34254,0.57762
10476,IRON MAN/TONY STARK,,2189,2,10806,4,0.475494,0.552863,3851700.49367,0.008739,0,0.017067,40872,0.814472
10477,IRON MAN IV/JAMES R.,,462,2,1363,4,0.481126,0.501948,312882.883765,0.001082,0,0.144378,15375,0.375011
10488,STARSHINE II/BRANDY,,220,0,536,4,0.398162,0.422574,534951.413251,0.001182,0,0.075259,1813,0.123833
10490,MAN-THING/THEODORE T,,185,5,302,4,0.465902,0.481831,85279.566544,0.000445,0,0.276675,4709,0.213019
10493,"ROM, SPACEKNIGHT",,239,0,478,4,0.466798,0.484242,255702.848207,0.000584,0,0.320312,9110,0.27122
10499,MYSTIQUE/RAVEN DARKH,,392,8,1033,4,0.469548,0.491131,111706.432152,0.000809,0,0.191959,14711,0.330993
10500,BLOB/FRED J. DUKES,,420,8,974,4,0.483466,0.502227,111573.022254,0.000854,0,0.193806,17053,0.382925
10501,TORPEDO III/BROCK JO,,219,0,372,4,0.467865,0.484425,41226.818536,0.000466,0,0.422437,10084,0.278653
10502,PYRO/ALLERDYCE JOHNN,,295,8,673,4,0.465881,0.485272,46732.79526,0.000592,0,0.256474,11122,0.298836
10503,AVALANCHE/DOMINIC PE,,274,8,579,4,0.462886,0.482294,40268.899711,0.000551,0,0.265608,9934,0.276242
10504,ROGUE /,,822,8,3620,4,0.496906,0.524228,282739.868177,0.001669,0,0.120481,40654,0.619244
10505,DESTINY II/IRENE ADL,,225,8,489,4,0.456869,0.476123,39551.594101,0.000468,0,0.298413,7520,0.240031
10521,SUB-MARINER/NAMOR MA,,972,13,3628,4,0.511741,0.538805,620936.792038,0.002072,0,0.096918,45736,0.681703
10522,VASHTI,,206,13,455,4,0.452394,0.472315,34687.508979,0.00045,0,0.258631,5461,0.20488
10525,NOVA/RICHARD RIDER,,671,3,2074,4,0.49802,0.520237,265356.437325,0.001346,0,0.140387,31557,0.532597
10526,FIRESTAR/ANGELICA JO,,607,3,1830,4,0.488694,0.511847,236409.271145,0.001241,0,0.145671,26792,0.495842
10527,THUNDERBALL/DR. ELIO,,207,4,615,4,0.458293,0.477129,21045.731197,0.000423,0,0.324422,6917,0.246985
10528,NAMORITA/NITA PRENTI,,588,3,1741,4,0.491733,0.513347,213042.330327,0.001202,0,0.154498,26663,0.490116
10529,SPEEDBALL/ROBBIE BAL,,499,3,1294,4,0.48945,0.508925,195616.678145,0.001045,0,0.183009,22739,0.444302
10530,HULK/DR. ROBERT BRUC,,1048,5,4539,4,0.517115,0.54456,955554.078557,0.002479,0,0.091005,49928,0.725662
10531,NIGHT THRASHER/DUANE,,379,3,922,4,0.474845,0.494659,120282.707897,0.000788,0,0.173961,12461,0.314105
10532,SPIDER-MAN/PETER PAR,,1730,10,8143,4,0.536379,0.577913,2701712.070538,0.004277,0,0.046306,69254,0.878907
10533,JUSTICE II/VANCE AST,,483,3,1340,4,0.481415,0.502842,153654.769129,0.000996,0,0.157814,18370,0.403328
10534,TIGRA/GREER NELSON,,510,2,1562,4,0.487576,0.507911,98316.095016,0.001027,0,0.208575,27072,0.502542
10535,WASP/JANET VAN DYNE,,1517,2,7612,4,0.451319,0.512685,1371669.668417,0.005021,0,0.027653,31798,0.693328
10536,GALACTUS/GALAN,,394,7,1325,4,0.485151,0.502658,107794.895583,0.000811,0,0.253032,19590,0.411114
10537,MOCKINGBIRD/DR. BARB,,508,2,1427,4,0.479623,0.502195,92532.557088,0.001026,0,0.194001,24983,0.483851
10538,SILVER SURFER/NORRIN,,663,7,2097,4,0.500455,0.521634,770566.000846,0.001547,0,0.141543,31062,0.542828
10539,HAWK,,1165,2,5174,4,0.515404,0.547227,949095.142704,0.002535,0,0.080017,54254,0.756236
10540,LORD CHAOS,,131,7,231,4,0.455951,0.472403,9211.26173,0.000272,0,0.524721,4468,0.19157
10541,SCARLET WITCH/WANDA,,1883,2,8964,4,0.465486,0.53558,2239639.919805,0.006649,0,0.021762,38561,0.783328
10542,QUICKSILVER/PIETRO M,,868,2,3394,4,0.500912,0.528387,301912.066668,0.001752,0,0.119438,44942,0.676921
10550,UATU,,518,7,1190,4,0.490785,0.510402,141773.584379,0.001035,0,0.202677,27139,0.507086
10551,CAPTAIN AMERICA,,1896,1,9677,4,0.540825,0.585768,2080791.898146,0.004252,0,0.046324,83219,1
10552,THUNDERSTRIKE/ERIC K,,529,4,1710,4,0.490071,0.510338,150519.654377,0.00105,0,0.181883,25401,0.47524
10553,WONDER MAN/SIMON WIL,,1022,2,4015,4,0.506305,0.536865,432603.392954,0.002107,0,0.09971,52022,0.738158
10554,DEATHLOK III/MICHAEL,,182,9,296,4,0.449105,0.468444,97414.302198,0.000437,0,0.277882,4577,0.188384
10556,WOLVERINE/LOGAN,,1984,6,9622,4,0.470098,0.542253,3621196.407409,0.007836,0,0.019901,39148,0.769457
10557,SHE-HULK/JENNIFER WA,,1064,2,3782,4,0.513882,0.543044,580266.698113,0.002206,0,0.098255,55565,0.773504
10558,VISION,,1765,2,8749,4,0.462066,0.529122,1846071.688539,0.005928,0,0.024287,37809,0.769033
10559,PSYLOCKE/ELISABETH B,,688,8,2622,4,0.491687,0.516445,197083.312764,0.001392,0,0.141642,33474,0.541855
10560,MARVEL GIRL/JEAN GRE,,998,8,4294,4,0.509518,0.538246,582147.870415,0.002133,0,0.089499,44526,0.662761
10561,STORM/ORORO MUNROE S,,1062,8,5261,4,0.514312,0.543243,520343.839255,0.002185,0,0.095362,53726,0.74226
10562,ETERNITY/ADAM QADMON,,309,8,639,4,0.475018,0.492552,31466.584944,0.000608,0,0.330013,15704,0.36014
10563,KISMET/J'RIDIA STARD,,185,2,335,4,0.453259,0.47186,28256.823095,0.000391,0,0.345123,5874,0.218536
10565,MR. FANTASTIC/REED R,,1368,7,5865,4,0.525921,0.560175,946575.473567,0.002973,0,0.067952,63537,0.848697
10566,ANGEL/WARREN KENNETH,,1064,8,4209,4,0.510215,0.540705,509646.048729,0.002194,0,0.095476,53993,0.748528
10567,DEATH,,274,7,505,4,0.483847,0.497781,35829.285378,0.000549,0,0.3813,14261,0.360985
10569,JUBILEE/JUBILATION L,,444,8,1579,4,0.468852,0.492233,300258.478676,0.000954,0,0.153285,15075,0.33036
10570,THING/BENJAMIN J. GR,,1404,7,6396,4,0.526425,0.561628,972251.929851,0.003045,0,0.065555,64566,0.858517
10571,INVISIBLE WOMAN/SUE,,1750,7,8808,4,0.462066,0.528651,3107471.522711,0.007237,0,0.023389,35794,0.736156
10573,PUNISHER II/FRANK CA,,477,3,1054,4,0.484588,0.504806,694607.550693,0.001279,0,0.107138,12163,0.323546
10574,ANDROMEDA/ANDROMEDA,,155,13,275,5,0.390374,0.411843,55011.059993,0.0005,0,0.117386,1401,0.125034
10575,BEAST/HENRY &HANK& P,,1259,8,5576,4,0.520389,0.553318,840262.859782,0.002684,0,0.076034,60212,0.811255
10576,GHOST RIDER III/DAN,,391,5,772,4,0.404142,0.43379,639000.149724,0.002018,0,0.030664,2338,0.158913
10577,CYCLOPS/SCOTT SUMMER,,1070,8,5414,4,0.51482,0.543818,476602.362264,0.002201,0,0.097039,55498,0.759971
10613,"HOGAN, VIRGINIA PEPP",,255,2,582,4,0.44554,0.467941,73060.723469,0.000609,0,0.183387,5939,0.208163
10614,"HOGAN, HAROLD J. HAP",,214,2,529,4,0.442124,0.463742,60854.948608,0.000523,0,0.21548,4911,0.197047
10616,BATROC/GEORGES BATRO,,168,1,281,4,0.425508,0.447513,35008.903908,0.000377,0,0.238167,3341,0.143482
10617,"CARTER, SHARON",,254,1,644,4,0.452591,0.474024,71735.332008,0.000586,0,0.195512,6282,0.224294
10619,KARNILLA [ASGARDIAN],,183,4,642,4,0.43645,0.457699,11761.071571,0.000355,0,0.332132,5531,0.191865
10620,HEIMDALL [ASGARDIAN],,254,4,981,4,0.445217,0.468021,31248.220927,0.000501,0,0.246117,7908,0.21908
10621,ENCHANTRESS/AMORA/HE,,316,4,1098,4,0.470162,0.489207,66798.121693,0.000654,0,0.259072,12894,0.328083
10622,LOKI [ASGARDIAN],,420,4,1549,4,0.480175,0.499888,94577.61124,0.000834,0,0.205455,18078,0.399575
10623,NIGHTMARE/EDVARD HAB,,139,5,238,4,0.438043,0.457922,56338.133765,0.000353,0,0.242206,2323,0.140156
10625,THOR/DR. DONALD BLAK,,1281,4,6724,4,0.522734,0.555465,906042.614539,0.002699,0,0.073995,60664,0.808994
10628,SPIDER-WOMAN II/JULI,,410,2,1197,4,0.476015,0.496456,114460.500726,0.000873,0,0.204151,17117,0.385251
10632,"COOPER, DR. VALERIE",,533,8,1216,4,0.477561,0.501621,147833.731622,0.00107,0,0.165124,23411,0.447728
10637,RED GUARDIAN III/DR.,,158,5,305,4,0.448391,0.467158,12808.017763,0.000332,0,0.394179,4889,0.194325
10638,DR. STRANGE/STEPHEN,,1489,5,5288,4,0.452473,0.512717,2665746.242094,0.006225,0,0.024836,27514,0.627798
10640,HELLCAT/PATSY WALKER,,362,5,1077,4,0.48086,0.498523,101748.750153,0.000769,0,0.282028,18428,0.397418
10641,NIGHTHAWK II/KYLE RI,,248,5,800,4,0.466318,0.484234,37271.963835,0.000531,0,0.295155,9040,0.275103
10642,DEVIL-SLAYER/ERIC SI,,154,5,267,4,0.455315,0.472659,22724.720092,0.00033,0,0.622528,7334,0.23615
10643,"NORRISS, SISTER BARB",,380,5,1367,4,0.481459,0.499513,81497.967289,0.000781,0,0.256756,18489,0.400322
10644,"BANNER, BETTY ROSS T",,340,5,1189,4,0.478151,0.495761,149137.388169,0.000798,0,0.21081,12149,0.32968
10645,"ROSS, GEN. THADDEUS",,432,5,1454,5,0.411292,0.442617,466451.022226,0.00175,0,0.053719,5001,0.243638
10647,MASTERMIND/JASON WYN,,138,8,331,4,0.433477,0.453779,8813.220733,0.000287,0,0.363165,3433,0.165166
10654,GORGON [INHUMAN],,438,7,1340,4,0.481637,0.501485,94931.260533,0.00088,0,0.217548,20820,0.425043
10655,LOCKJAW [INHUMAN],,388,7,1028,4,0.473102,0.49359,78143.395118,0.00079,0,0.233357,17520,0.388751
10656,CRYSTAL [INHUMAN],,697,7,2463,4,0.494388,0.518536,201223.457952,0.00141,0,0.142458,34554,0.576902
10657,BLACK BOLT/BLACKANTO,,444,7,1325,4,0.487053,0.505524,113289.110259,0.000897,0,0.211824,20832,0.426309
10658,TRITON,,419,7,1174,4,0.484813,0.503145,100976.539571,0.000845,0,0.226057,19796,0.412551
10659,KARNAK [INHUMAN],,438,7,1274,4,0.474414,0.49624,88919.807539,0.000879,0,0.207527,19861,0.411615
10664,WARLOCK II/ADAM WARL,,294,8,892,4,0.472033,0.489838,41767.418957,0.0006,0,0.347078,14949,0.338515
10667,ABOMINATION/EMIL BLO,,180,5,278,4,0.458877,0.476019,145722.536259,0.000413,0,0.316077,5092,0.211676
10668,RHINO,,308,10,482,4,0.474328,0.492017,77517.313402,0.00066,0,0.225031,10639,0.303931
10677,"CORBEAU, DR. PETER",,198,8,325,4,0.450423,0.469968,17629.993051,0.000406,0,0.32354,6310,0.227445
10678,JUGGERNAUT/CAIN MARK,,275,8,543,4,0.467991,0.486277,60185.566539,0.000571,0,0.257545,9703,0.285568
10679,PROFESSOR X/CHARLES,,1471,6,7208,4,0.451124,0.510992,1729465.954367,0.005199,0,0.029625,32030,0.668113
10684,VENOM/EDDIE BROCK,,157,10,345,4,0.429553,0.45144,29424.691341,0.000381,0,0.234036,2866,0.119474
10685,"PARKER, MAY",,479,10,2012,4,0.468895,0.493486,212247.789834,0.001167,0,0.115355,13206,0.301323
10687,"STACY, JILL",,152,10,376,4,0.420995,0.443082,24009.428971,0.000388,0,0.210352,2414,0.102701
10689,"ROBERTSON, JOE",,638,10,2254,4,0.490831,0.514337,360691.266627,0.001475,0,0.103099,20950,0.412377
10691,MORBIUS/DR. MICHAEL,,155,10,290,5,0.388139,0.410087,143107.554997,0.000677,0,0.076917,918,0.095962
10692,"LEEDS, BETTY BRANT",,405,10,1571,4,0.463935,0.487443,142256.895707,0.000962,0,0.130962,10714,0.253119
10693,KINGPIN/WILSON FISK,,437,10,1247,4,0.4686,0.491977,232650.866384,0.001052,0,0.125428,11949,0.292434
10698,"WATSON-PARKER, MARY",,1116,10,5163,4,0.432956,0.484354,2675146.682173,0.005966,0,0.022897,14246,0.363736
10699,"WATSON, ANNA",,274,10,861,4,0.427372,0.453061,46639.889094,0.000645,0,0.170209,6366,0.157175
10701,MACHINE MAN/X-51,,254,2,526,4,0.474392,0.490237,41718.731665,0.00053,0,0.405683,13035,0.335962
10702,JOCASTA,,210,2,514,4,0.463358,0.480649,39739.099658,0.000459,0,0.406972,8931,0.272013
10704,ULTRON,,178,2,602,4,0.454166,0.472467,17535.706452,0.000383,0,0.354091,5578,0.227987
10706,"JAMESON, J. JONAH",,914,10,3393,4,0.50917,0.535252,780673.641005,0.002141,0,0.080376,33536,0.557196
10708,"URICH, BEN",,399,10,1046,4,0.45771,0.482334,126623.447081,0.000933,0,0.125439,9960,0.235815
10711,ICEMAN/ROBERT BOBBY,,1354,6,6116,4,0.447891,0.504598,1405277.711975,0.00456,0,0.031323,28691,0.62861
10712,"THOMPSON, EUGENE FLA",,344,10,1450,4,0.455593,0.478949,91768.74207,0.000808,0,0.153129,9034,0.219298
10722,"GRANT, GLORIA GLORY",,260,10,758,4,0.419254,0.444798,28643.881226,0.000594,0,0.172468,5807,0.145099
10727,GARGOYLE II/ISAAC CH,,262,5,718,4,0.470989,0.488249,66348.016876,0.000567,0,0.371004,12685,0.320191
10736,"SOUTHERN, CANDY",,163,8,375,4,0.425197,0.447137,6933.235238,0.000333,0,0.317125,4187,0.169547
10738,MOONDRAGON/HEATHER D,,567,2,1793,4,0.488809,0.510593,167550.343406,0.001146,0,0.189591,30422,0.520972
10747,HUMAN TORCH/JOHNNY S,,1349,7,6093,4,0.524257,0.558562,826460.526297,0.002911,0,0.068391,62183,0.837948
10748,BEYONDER,,227,8,428,4,0.467299,0.48417,24679.121496,0.000462,0,0.332969,8541,0.274303
10749,DR. OCTOPUS/OTTO OCT,,228,10,744,4,0.463399,0.481272,50150.250143,0.000511,0,0.261574,6769,0.22366
10752,MISTER HYDE/CALVIN Z,,200,1,334,4,0.442875,0.464293,17326.434297,0.000413,0,0.306131,6092,0.217586
10754,COBRA/KLAUS VORHEES,,230,1,449,4,0.454581,0.474559,29376.648624,0.000467,0,0.282893,7450,0.233199
10755,ASP II/CLEO,,148,1,363,4,0.402212,0.424801,5432.182277,0.000294,0,0.305571,3324,0.108521
10758,BLACK MAMBA/TANYA SE,,166,1,374,4,0.416427,0.439115,9711.305475,0.000332,0,0.305659,4186,0.138193
10761,ANACONDA/BLANCHE SIT,,161,1,379,4,0.422871,0.445078,9923.370143,0.000322,0,0.326786,4209,0.140789
10769,HAVOK/ALEX SUMMERS,,1098,6,4081,4,0.438227,0.488201,2263222.930995,0.003875,0,0.037317,22474,0.518906
10771,DAZZLER II/ALLISON B,,376,8,1043,4,0.479491,0.497924,82579.914441,0.000762,0,0.263135,18551,0.405215
10772,LONGSHOT,,222,8,628,4,0.455017,0.474439,109152.445521,0.000486,0,0.304676,7474,0.23857
10773,"SUMMERS, MADELYNE MA",,244,8,669,4,0.445863,0.467717,110841.261136,0.000538,0,0.28955,8584,0.226855
10774,COLOSSUS II/PETER RA,,1015,8,4730,4,0.511716,0.540106,368170.581614,0.002037,0,0.104255,53650,0.739599
10789,"SUMMERS, NATHAN CHRI",,576,8,2005,4,0.483937,0.5076,371146.250912,0.001271,0,0.128768,21324,0.414283
10790,POLARIS/LORNA DANE,,560,8,2018,4,0.486848,0.508997,152623.295042,0.001131,0,0.171288,26810,0.479384
10791,MR. SINISTER/NATHAN,,242,6,544,5,0.381794,0.405289,133835.886367,0.000917,0,0.062069,1810,0.113909
10793,GATEWAY,,180,8,384,4,0.419304,0.442332,13468.181366,0.000367,0,0.287027,4624,0.155316
10794,"TILBY, TRISH/PATRICI",,290,8,633,4,0.458756,0.479628,61858.555041,0.000615,0,0.24336,10198,0.276654
10800,WOLFSBANE/RAHNE SINC,,531,8,2217,4,0.488123,0.508901,247022.854994,0.001061,0,0.189184,26621,0.47735
10801,WARLOCK III,,278,8,1035,4,0.465715,0.484545,49543.408175,0.000566,0,0.318625,12268,0.311118
10802,SUNSPOT/ROBERTO DACO,,510,8,1910,4,0.469379,0.494803,260197.755411,0.001045,0,0.155954,20242,0.385757
10803,MAGIK/ILLYANA RASPUT,,262,8,1062,4,0.463276,0.482142,23410.257394,0.000513,0,0.328712,11239,0.29034
10804,MAGNETO/MAGNUS/ERIC,,764,6,2985,5,0.422341,0.463413,403435.628466,0.002337,0,0.04873,14203,0.403156
10805,CANNONBALL II/SAM GU,,637,8,2741,4,0.488809,0.512836,345892.896083,0.001339,0,0.130116,26357,0.462521
10806,MIRAGE II/DANIELLE M,,389,8,1482,4,0.463852,0.486653,150092.166751,0.000818,0,0.186415,14068,0.315096
10813,S'YM,,135,8,289,4,0.422273,0.443521,12225.899968,0.000278,0,0.429077,3881,0.152717
10818,"CAGE, LUKE/CARL LUCA",,601,13,1436,4,0.492824,0.514513,354394.534139,0.001303,0,0.155574,28050,0.511413
10825,MOLECULE MAN/OWEN RE,,153,7,420,4,0.454146,0.471509,8877.683972,0.000313,0,0.466116,5420,0.217652
10827,"JARVIS, EDWIN",,1303,2,4480,4,0.44516,0.500758,1457114.057625,0.004743,0,0.026473,22456,0.566268
10828,GHOST RIDER II/JOHNN,,267,5,599,4,0.468432,0.486381,236224.361387,0.000679,0,0.189378,6725,0.246316
10829,ANT-MAN/DR. HENRY J.,,1077,2,4431,4,0.513857,0.543483,520261.766273,0.002286,0,0.085718,49667,0.729318
10832,"ARBOGAST, BAMBI",,184,2,423,4,0.443025,0.46379,47673.593265,0.000434,0,0.243882,4106,0.183251
10835,"STANKOWICZ, FABIAN",,194,1,393,4,0.450326,0.470224,18748.885282,0.000405,0,0.347204,6500,0.231394
10843,HERCULES [GREEK GOD],,983,2,3514,4,0.51034,0.538262,373756.17035,0.001973,0,0.107703,51983,0.734251
10844,BLACK WIDOW/NATASHA,,1242,2,4507,4,0.443835,0.497645,1491573.070966,0.004597,0,0.033278,25646,0.596411
10845,MOON KNIGHT/MARC SPE,,436,3,1089,4,0.491224,0.508071,288593.125714,0.00098,0,0.220584,20918,0.431452
10846,DRAX/ARTHUR DOUGLAS,,296,8,971,4,0.473467,0.490947,50769.9813,0.000602,0,0.351741,15357,0.345892
10849,SPIDER-MAN CLONE/BEN,,351,10,979,4,0.450034,0.474838,317692.550187,0.000879,0,0.130419,8011,0.222896
10857,TOMBSTONE/LONNIE THO,,144,10,320,4,0.392163,0.413921,23011.875533,0.000358,0,0.211733,2180,0.072929
10883,"TOWER, BLAKE",,137,10,221,4,0.425873,0.447321,25429.516389,0.000326,0,0.26213,2442,0.127678
10890,GEE/ALEX POWER,,256,3,775,4,0.44924,0.47095,56473.86172,0.000523,0,0.217096,7086,0.22429
10891,TURBO II (A)/MICHIKO,,236,3,511,4,0.43494,0.458218,40309.320518,0.000485,0,0.21969,6092,0.182658
10892,BLACK CAT/FELICIA HA,,297,10,722,4,0.472759,0.490532,87922.304336,0.000653,0,0.254323,11179,0.291594
10898,SILVER SABLE,,195,10,321,4,0.429748,0.452693,36685.182099,0.00043,0,0.240761,4554,0.169722
10900,SWORDSMAN/JACQUES DU,,152,2,439,4,0.456051,0.473505,8053.537286,0.00032,0,0.465058,5337,0.217854
10901,SANDMAN/WILLIAM BAKE,,374,10,923,4,0.477168,0.496591,98084.588631,0.000788,0,0.20523,14315,0.352859
10902,"PEREGRINE, LE/FRANCK",,134,1,170,4,0.459261,0.475317,10003.595267,0.000282,0,0.758837,6762,0.230696
10906,VOLSTAGG,,345,4,1596,4,0.459443,0.481911,62335.729875,0.000682,0,0.188052,11159,0.272068
10907,HOGUN [ASGARDIAN],,386,4,1642,4,0.466965,0.488976,74958.897913,0.000761,0,0.202194,15024,0.338887
10908,FANDRAL [ASGARDIAN],,390,4,1650,4,0.472952,0.493622,91307.161783,0.000776,0,0.202162,15335,0.345485
10909,VIZIER,,188,4,703,4,0.436961,0.458353,18242.692802,0.000373,0,0.302423,5316,0.172923
10910,ODIN [ASGARDIAN],,416,4,1900,4,0.469211,0.491642,107716.433594,0.000842,0,0.192308,16600,0.361567
10911,DOMINO III/BEATRICE/,,328,8,735,4,0.43115,0.457723,97720.477,0.000727,0,0.154322,8276,0.203485
10912,HYDROMAN/MORRIE BENC,,208,10,375,4,0.44013,0.461922,18618.644566,0.000434,0,0.258872,5573,0.195636
10915,"MERRYWEATHER, IRENE",,142,8,274,4,0.422392,0.44388,69713.047788,0.00039,0,0.185396,1856,0.099966
10916,BLAQUESMITH,,156,8,314,4,0.426744,0.448367,57281.479756,0.000384,0,0.259222,3134,0.124106
10919,VULTURE/ADRIAN TOOME,,183,10,378,4,0.438742,0.459774,16752.321612,0.000387,0,0.307212,5116,0.181083
10921,"OSBORN, HARRY",,237,10,981,4,0.455136,0.475301,46112.131479,0.000535,0,0.239612,6701,0.200888
10924,GREEN GOBLIN/NORMAN,,344,10,909,5,0.401825,0.430413,289960.302359,0.001368,0,0.051766,3054,0.147773
10930,SILVERMANE/SILVIO MA,,146,10,251,4,0.419271,0.441286,13635.247797,0.000321,0,0.259707,2749,0.115732
10936,"OSBORN, LIZ ALLAN",,316,10,954,4,0.456909,0.479157,74580.735241,0.000714,0,0.174824,8701,0.215897
10939,GLADIATOR II,,218,8,429,4,0.450617,0.470735,25866.481985,0.000434,0,0.35264,8341,0.251274
10940,"RICHARDS, FRANKLIN B",,632,7,2140,4,0.496127,0.517698,187289.393177,0.0013,0,0.154552,30817,0.554097
10942,ARISHEM [CELESTIAL],,165,4,262,4,0.441004,0.46153,15278.746097,0.000328,0,0.395787,5355,0.191098
10943,ZIRAN,,149,4,241,4,0.450403,0.468452,12677.106105,0.000299,0,0.431072,4753,0.188405
10944,GAMMENON [CELESTIAL],,132,4,190,4,0.427442,0.448239,8162.249665,0.00026,0,0.420194,3633,0.159817
10946,WONG,,439,5,1029,4,0.479976,0.500335,300369.807467,0.00105,0,0.145276,13967,0.360487
10947,CLEA,,238,5,745,4,0.458313,0.477975,114804.419451,0.000598,0,0.211502,5965,0.219275
10953,DAREDEVIL/MATT MURDO,,960,10,3126,4,0.51139,0.538142,906952.99909,0.002265,0,0.092586,42619,0.653676
10963,"MASTERS, ALICIA REIS",,428,7,1210,4,0.479491,0.499601,126146.232776,0.000934,0,0.210346,19221,0.422731
10970,RINTRAH,,146,5,352,4,0.452042,0.469841,36730.284331,0.000344,0,0.360794,3819,0.167866
10983,DR. DRUID/ANTHONY LU,,474,2,1056,4,0.487827,0.506937,115454.579891,0.000962,0,0.220346,24701,0.47167
10986,PIP/PRINCE GOFERN,,227,8,645,4,0.472824,0.488305,30156.815314,0.000465,0,0.442751,11357,0.290594
10987,GAMORA,,224,8,635,4,0.471074,0.486932,23030.83603,0.000452,0,0.449792,11234,0.281745
10993,DRACULA/VLAD TEPES,,142,5,300,4,0.447968,0.466153,111587.897767,0.000383,0,0.312456,3128,0.166169
10994,DR. DOOM/VICTOR VON,,892,7,2895,4,0.430474,0.474886,931321.4715,0.00313,0,0.045382,18034,0.483872
10998,HELA [ASGARDIAN],,285,4,654,4,0.461535,0.481512,42157.37001,0.000564,0,0.282753,11443,0.30671
10999,FIRELORD/PYREUS KRIL,,205,7,444,4,0.46223,0.479811,22984.652491,0.00042,0,0.344285,7199,0.248996
11008,THANOS,,364,8,1033,4,0.478392,0.496743,111755.089134,0.000761,0,0.264251,17458,0.373931
11012,MEPHISTO,,387,4,820,4,0.473639,0.494053,161267.157535,0.000842,0,0.203719,15216,0.361659
11018,HOBGOBLIN II/RODERIC,,130,10,246,4,0.412429,0.434676,7541.090914,0.000288,0,0.318187,2668,0.097488
11027,"LUBENSKI, NATE",,141,10,395,4,0.434904,0.455256,12371.811466,0.000308,0,0.344377,3399,0.121587
11029,"BANNON, LANCE",,136,10,326,4,0.41287,0.435123,5247.8712,0.000291,0,0.350545,3218,0.11899
11034,THINKER,,209,7,360,4,0.456969,0.475612,31613.52717,0.00044,0,0.325037,7065,0.245957
11036,LIZARD/DR. CURTIS CO,,161,10,537,4,0.441956,0.462353,62862.828116,0.000375,0,0.310947,4005,0.158101
11040,"JAMESON, MARLA MADIS",,250,10,538,4,0.454363,0.474934,68520.672881,0.000575,0,0.18702,5821,0.171679
11042,"COUNT NEFARIA, LUCHI",,140,2,255,4,0.441078,0.460708,19489.258886,0.000315,0,0.304214,2960,0.156548
11043,PLANTMAN/SAM SMITHER,,162,13,262,4,0.45318,0.471198,16059.289723,0.00034,0,0.35258,4598,0.198059
11048,PORCUPINE/ALEX GENTR,,137,1,193,4,0.448893,0.466935,6051.578842,0.000284,0,0.453736,4227,0.179829
11062,PENANCE/MONET ST. CR,,161,8,526,4,0.396588,0.418974,18973.323649,0.000355,0,0.246196,3171,0.110484
11082,PUPPET MASTER/PHILLI,,218,7,437,4,0.456749,0.475756,22638.433711,0.00045,0,0.371665,8791,0.273622
11088,BANSHEE/SEAN CASSIDY,,497,8,1848,4,0.472759,0.496903,177112.956605,0.001018,0,0.149275,18399,0.368787
11092,HUMAN TORCH ANDROID/,,337,13,969,4,0.463544,0.484872,96854.021569,0.000736,0,0.197435,11178,0.310089
11099,WHIZZER/ROBERT L. FR,,188,13,367,4,0.447872,0.468029,18371.896906,0.000391,0,0.46177,8117,0.249814
11100,RED SKULL/JOHANN SCH,,251,1,642,4,0.458313,0.47859,66138.179718,0.000568,0,0.225466,7074,0.241436
11101,BARON STRUCKER/WOLFG,,196,1,330,4,0.448738,0.468675,99678.558896,0.000493,0,0.179069,3422,0.169767
11128,MOLE MAN/HARVEY RUPE,,291,7,530,4,0.473252,0.490676,73928.317097,0.000637,0,0.295272,12459,0.330117
11129,MAKKARI/MIKE KHARY/I,,293,4,732,4,0.448411,0.471725,74875.979555,0.000601,0,0.224905,9621,0.258907
11131,KRO [DEVIANT],,143,4,321,4,0.420064,0.44226,16583.315063,0.000303,0,0.307495,3122,0.140365
11136,CLOAK/TYRONE JOHNSON,,269,3,624,4,0.474802,0.491099,165761.790909,0.000598,0,0.249404,8990,0.279829
11138,DAGGER/TANDY BOWEN,,248,3,619,4,0.472866,0.489063,110192.233598,0.000562,0,0.25542,7823,0.264064
11140,STARFOX/EROS,,453,2,1293,4,0.484656,0.504047,94160.824666,0.000904,0,0.215242,22036,0.449204
11143,MANDARIN,,213,2,442,4,0.447354,0.468132,35301.808319,0.000467,0,0.28984,6544,0.235495
11144,RADIOACTIVE MAN/DR.,,159,2,248,5,0.390901,0.413105,42153.143142,0.000546,0,0.058674,737,0.095414
11149,SIF,,376,4,1627,4,0.470268,0.491211,89606.16248,0.000753,0,0.207135,14603,0.328026
11155,"KINCAID, DR. JANE FO",,260,4,753,4,0.446722,0.469434,37211.14041,0.000532,0,0.222216,7482,0.230992
11165,"FURY, COL. NICHOLAS",,1262,2,3681,4,0.444572,0.498986,2220485.191297,0.005434,0,0.026885,21392,0.542574
11190,MASTER MOLD II,,197,8,377,4,0.454938,0.473553,43125.588543,0.000435,0,0.305242,5893,0.205545
11194,"BRIDGE, GEORGE WASHI",,277,1,510,4,0.449802,0.472052,115618.882122,0.00062,0,0.163475,6249,0.201367
11205,"KINCAID, DR. KEITH",,154,4,269,4,0.429889,0.451608,9875.986393,0.000313,0,0.327901,3863,0.169591
11210,KLAW/ULYSSES KLAW,,268,1,575,4,0.462373,0.481807,42460.440231,0.000551,0,0.288753,10331,0.291587
11211,LYJA LAZERFIST [SKRU,,251,7,750,4,0.471095,0.487994,32289.812016,0.000511,0,0.321147,10076,0.296109
11216,ANT-MAN II/SCOTT HAR,,403,7,945,4,0.482952,0.501613,102084.351972,0.000836,0,0.231732,18771,0.405098
11217,KRISTOFF/KRISTOFF VE,,140,7,360,4,0.435794,0.455799,7612.968844,0.000291,0,0.407811,3968,0.173625
11225,KRAVEN THE HUNTER/SE,,137,10,222,4,0.454423,0.471349,18370.250032,0.000301,0,0.388793,3622,0.179675
11241,"SITWELL, JASPER",,201,1,454,4,0.446856,0.467558,46031.496027,0.000463,0,0.260398,5234,0.212172
11251,KA-ZAR/KEVIN PLUNDER,,326,10,774,4,0.486871,0.501517,94379.631131,0.000698,0,0.276168,14630,0.361688
11254,ZABU,,235,10,577,4,0.474004,0.489431,63959.852041,0.000517,0,0.268231,7375,0.259551
11257,SHANNA/SHANNA O'HARA,,276,10,539,4,0.477517,0.493215,133830.005151,0.000636,0,0.316126,11997,0.32247
11262,DAYTRIPPER/AMANDA SE,,226,8,519,4,0.425526,0.449428,26359.051018,0.000463,0,0.26057,6625,0.191247
11263,NIGHTCRAWLER/KURT WA,,852,8,3751,4,0.506011,0.531221,414598.80229,0.001787,0,0.112356,40732,0.625447
11269,GAMBIT/REMY LEBEAU,,867,6,3177,4,0.429006,0.472738,1055350.984178,0.003256,0,0.042577,15984,0.426835
11271,FORGE,,471,8,1309,4,0.481149,0.502123,110210.043407,0.000951,0,0.200867,22233,0.428759
11279,BISHOP /,,356,8,1148,4,0.465217,0.486629,230603.949435,0.000788,0,0.20402,12892,0.315185
11289,QUASAR III/WENDELL V,,727,2,2292,4,0.501056,0.524036,254868.052792,0.00145,0,0.149223,39380,0.61471
11292,"BALLANTINE, KAYLA",,221,2,389,4,0.455196,0.47495,38562.741469,0.00046,0,0.269848,6560,0.222245
11312,WHIZZER II/STANLEY S,,169,5,442,4,0.433387,0.454969,32374.737479,0.000354,0,0.340941,4840,0.177381
11313,ARCANNA/ARCANNA JONE,,151,5,354,4,0.427933,0.44962,28041.038031,0.000321,0,0.323797,3667,0.138629
11316,DR. SPECTRUM/JOSEPH,,240,5,660,5,0.395581,0.420642,246074.789214,0.000982,0,0.066492,1907,0.119152
11317,"TANAKA, KENJIRO",,163,2,267,4,0.428425,0.45053,16893.466504,0.000343,0,0.288798,3813,0.149996
11318,LADY LARK/LINDA LEWI,,131,5,335,4,0.425318,0.446602,22480.982033,0.000286,0,0.345625,2943,0.125835
11321,HYPERION,,186,5,477,4,0.442237,0.463175,47893.1298,0.000396,0,0.298111,5129,0.18391
11322,SERGEI,,135,5,209,4,0.430332,0.451001,7915.563176,0.000279,0,0.403096,3646,0.162488
11324,JACK OF HEARTS/JACK,,448,2,796,4,0.41474,0.446092,258698.198461,0.001404,0,0.086409,8652,0.301052
11334,DRAGONFLY/VERONICA D,,164,1,252,4,0.428109,0.449828,16868.957868,0.000328,0,0.329642,4406,0.15062
11339,STRANGER,,138,7,306,4,0.459949,0.475772,16775.194912,0.000298,0,0.420396,3974,0.183746
11362,WHIZZER III/JAMES SA,,144,10,237,4,0.434976,0.455663,18180.667011,0.000308,0,0.30575,3148,0.150923
11364,CAPTAIN MARVEL II/MO,,528,2,1775,4,0.489336,0.509771,93967.07369,0.001041,0,0.192176,26737,0.504134
11374,CAPTAIN BRITAIN/BRIA,,452,8,1217,4,0.485039,0.504215,252514.145314,0.000973,0,0.218041,22224,0.448506
11375,USAGENT/CAPTAIN JOHN,,580,2,1699,4,0.491918,0.513204,235913.620655,0.001235,0,0.148669,24963,0.471276
11376,MEGGAN,,308,8,959,4,0.455712,0.477871,49900.285223,0.000627,0,0.215576,10192,0.277096
11379,PHOENIX III/RACHEL S,,392,8,1109,4,0.464141,0.48702,110155.09095,0.000798,0,0.195913,15014,0.346733
11389,VANISHER,,153,8,243,4,0.432257,0.45314,14319.641609,0.000315,0,0.350791,4079,0.172669
11394,NOVA II/FRANKIE RAYE,,297,7,771,4,0.471819,0.489894,54879.463234,0.000611,0,0.333424,14656,0.344416
11401,SUPER SKRULL/KL'RT,,169,7,277,4,0.43645,0.457651,14146.057397,0.000355,0,0.382361,5428,0.210891
11404,RONAN THE ACCUSER [K,,171,2,323,4,0.445692,0.465706,12395.397096,0.000349,0,0.40743,5922,0.213423
11406,SUPREME INTELLIGENCE,,233,2,428,4,0.457811,0.477369,26908.080101,0.000475,0,0.338316,9144,0.277712
11421,BOOMERANG/FRED MYERS,,229,10,380,4,0.435557,0.458473,18647.036249,0.000459,0,0.259519,6775,0.194874
11422,"JONES, RICHARD MILHO",,533,5,1716,4,0.486848,0.508135,256258.642457,0.001177,0,0.156604,22203,0.45465
11434,"LEEDS, NED",,175,10,515,4,0.440576,0.461123,14451.39553,0.000371,0,0.326568,4972,0.161294
11442,"ROSENTHAL, BERNIE",,184,1,455,4,0.436888,0.458226,15710.219978,0.000386,0,0.28837,4855,0.183763
11451,MYSTERIO/QUENTIN BEC,,151,10,315,4,0.418632,0.441142,21440.333037,0.000341,0,0.283091,3206,0.121048
11461,"PAGE, KAREN",,283,10,675,4,0.461923,0.482078,136521.63138,0.000711,0,0.166454,6642,0.225791
11463,RINGMASTER/MAYNARD T,,174,1,282,4,0.441601,0.461866,26648.759554,0.000365,0,0.292539,4403,0.184879
11465,"NELSON, FRANKLIN FOG",,492,10,1280,4,0.483556,0.504894,270556.289462,0.001152,0,0.143982,17391,0.390296
11469,SHADOWCAT/KATHERINE,,1001,6,4248,4,0.43456,0.481903,976319.269625,0.003472,0,0.043079,21561,0.501236
11476,LOCKHEED,,321,8,1002,4,0.463132,0.484066,40628.847637,0.000632,0,0.24632,12651,0.307315
11480,CERISE II [SHI'AR],,134,8,247,4,0.443081,0.461978,9578.0128,0.000276,0,0.486702,4337,0.175467
11487,"DUGAN, TIMOTHY ALOYI",,489,1,1167,4,0.485874,0.506091,292109.546908,0.001161,0,0.150793,17992,0.40616
11508,BINARY/CAROL DANVERS,,533,2,1496,4,0.492243,0.511902,159345.750243,0.0011,0,0.167297,23719,0.469872
11510,"GYRICH, HENRY PETER",,401,2,828,4,0.481948,0.500391,185343.884806,0.00087,0,0.19409,15566,0.382204
11511,COLLECTOR/TANELEER T,,178,7,360,4,0.45466,0.473209,20744.793221,0.000375,0,0.42265,6658,0.242329
11520,CAPTAIN MARVEL/CAPTA,,239,2,660,4,0.469802,0.486685,33466.11352,0.000501,0,0.323406,9198,0.282508
11523,ZEUS,,220,4,422,4,0.453082,0.472842,30553.034946,0.000452,0,0.304193,7328,0.235504
11529,MAD DOG/COLONEL BUZZ,,186,5,355,4,0.45922,0.477009,33871.236829,0.000406,0,0.29596,5092,0.207729
11530,"DE LA FONTAINE, CONT",,257,1,569,4,0.462763,0.481623,50669.115964,0.000558,0,0.252219,8297,0.272633
11532,"JONES, GABE",,221,1,510,4,0.459059,0.477887,39753.079262,0.00049,0,0.282435,6866,0.238241
11546,"QUARTERMAIN, CLAY",,132,5,364,4,0.453653,0.470727,35753.434111,0.00031,0,0.323618,2798,0.159242
11555,MS. MARVEL II/SHARON,,277,7,601,4,0.474457,0.491115,32407.789759,0.00056,0,0.303537,11603,0.332629
11557,BLACK KNIGHT V/DANE,,1042,2,3426,4,0.436231,0.484713,858703.943532,0.003465,0,0.039459,21401,0.539533
11559,APOCALYPSE/EN SABAH,,365,6,1086,5,0.404346,0.433126,134046.058157,0.001089,0,0.082508,5481,0.229414
11564,PHARAOH RAMA-TUT,,364,2,1008,4,0.472396,0.492376,76896.875897,0.000754,0,0.261027,17245,0.38933
11567,BALDER [ASGARDIAN],,341,4,1605,4,0.449318,0.473553,50098.489679,0.000669,0,0.222391,12892,0.310625
11578,HELLSTORM/DAIMON HEL,,270,5,583,4,0.465923,0.484537,155233.64,0.000642,0,0.301776,10959,0.295733
11590,ROMA,,143,8,253,4,0.426517,0.447744,10833.872518,0.00029,0,0.358613,3641,0.146242
11591,TRAPSTER/PETER PETRU,,219,7,405,4,0.441526,0.463718,21181.520439,0.000455,0,0.256671,6127,0.215042
11597,"CORTEZ, FABIAN",,142,13,347,4,0.431203,0.451919,9841.56053,0.000293,0,0.408351,4088,0.161808
11598,TRIATHLON/DELROY GAR,,200,2,443,4,0.453396,0.472866,14792.493405,0.000415,0,0.343216,6830,0.231013
11600,CARGIL/JOANNA CARGIL,,195,13,391,4,0.429765,0.452302,16343.660021,0.000385,0,0.314565,5950,0.186532
11601,SCANNER II,,146,13,331,4,0.426883,0.448271,9739.379828,0.000299,0,0.395371,4185,0.163368
11602,"VOGHT, AMELIA",,133,13,268,4,0.425248,0.446227,12760.15767,0.000286,0,0.429938,3774,0.145835
11633,"JAMESON, COL. JOHN",,419,10,1149,5,0.3988,0.429749,326055.899937,0.001631,0,0.045803,4011,0.174485
11648,DIABLO/ESTEBAN DE AB,,167,7,241,4,0.461535,0.477959,48635.384623,0.000365,0,0.390376,5411,0.220066
11651,"JONES, MARLO CHANDLE",,169,5,403,4,0.431471,0.452917,33853.513228,0.000405,0,0.205058,2911,0.14262
11655,NOMAD III/JACK MONRO,,203,1,524,4,0.43409,0.456789,32447.592147,0.000432,0,0.232746,4772,0.168738
11674,FALCON/SAM WILSON,,537,1,1651,4,0.491988,0.51195,131880.552226,0.001104,0,0.17925,25797,0.484887
11688,PRINCESS PYTHON/ZELD,,183,1,357,4,0.444496,0.464644,15981.812858,0.000372,0,0.326187,5432,0.20459
11689,CONSTRICTOR/FRANK PA,,252,1,394,4,0.453239,0.474112,47698.625518,0.000518,0,0.257826,8154,0.246563
11699,CAPTAIN MARVEL III/G,,141,5,267,4,0.404659,0.427084,54814.919062,0.000339,0,0.239007,2359,0.123144
11701,BETA RAY BILL,,237,4,504,4,0.451807,0.472459,56190.016451,0.000499,0,0.283559,7930,0.247459
11748,SHAMAN/MICHAEL TWOYO,,421,8,1361,4,0.485332,0.503449,98217.083935,0.000847,0,0.255831,22618,0.443153
11750,"POWER, MARGARET",,146,3,357,4,0.428988,0.449971,15691.95722,0.000299,0,0.333396,3529,0.155514
11751,"POWER, DR. JIM",,160,3,406,4,0.438632,0.458912,21476.563943,0.000328,0,0.317453,4038,0.168843
11752,COUNTERWEIGHT/JACK P,,198,3,544,4,0.436961,0.458713,24947.470742,0.0004,0,0.286879,5595,0.203051
11754,LIGHTSPEED/JULIE POW,,196,3,544,4,0.435085,0.457004,23431.83058,0.000395,0,0.287441,5493,0.200373
11755,COUNTERWEIGHT II/KAT,,206,3,578,4,0.433333,0.455775,23323.443695,0.000411,0,0.269761,5696,0.203061
11756,CLOWN/CRAFTY ELIOT F,,135,1,221,4,0.439222,0.458657,13878.891804,0.000287,0,0.350691,3172,0.154687
11769,LEADER/SAM STERNS,,182,5,446,4,0.463194,0.479755,24234.257684,0.000391,0,0.422622,6961,0.245375
11771,ABSORBING MAN/CARL C,,273,4,654,4,0.46474,0.483715,47678.894511,0.000561,0,0.267211,9921,0.292989
11772,DOC SAMSON/DR. LEONA,,298,5,775,4,0.473231,0.490923,77919.285304,0.000663,0,0.303912,13449,0.334266
11806,SILVER SAMURAI/KENYU,,177,8,260,4,0.438006,0.458952,47303.046918,0.000384,0,0.280367,4367,0.16048
11811,SUNFIRE/SHIRO YOSHID,,377,8,800,4,0.48255,0.500048,156909.422561,0.000785,0,0.2546,18045,0.397521
11814,STRONG GUY/GUIDO CAR,,320,8,1091,4,0.469992,0.489159,39060.6218,0.000634,0,0.300627,15344,0.340363
11815,"HUDSON, HEATHER",,391,8,1588,4,0.473231,0.493829,143016.982257,0.000807,0,0.214558,16359,0.354851
11816,SASQUATCH/WALTER LAN,,454,8,1676,4,0.486304,0.505189,129663.190262,0.000918,0,0.23912,24589,0.460823
11817,"HARKNESS, AGATHA",,345,7,934,4,0.474651,0.493406,45382.267857,0.000702,0,0.272497,16170,0.373464
11818,THANOS DOPPELGANGER,,155,8,422,4,0.456529,0.473473,4811.089239,0.000308,0,0.694177,8285,0.231594
11819,MAGUS,,194,8,567,4,0.462742,0.47958,8674.164791,0.000383,0,0.538379,10079,0.257653
11827,LIVING TRIBUNAL,,176,7,271,4,0.455374,0.473273,11079.874702,0.000352,0,0.507597,7817,0.246104
11830,HIGH EVOLUTIONARY/HE,,328,4,707,4,0.470607,0.48979,95050.201303,0.000655,0,0.229432,12304,0.327212
11838,"MACTAGGERT, MOIRA KI",,448,8,1592,4,0.470374,0.493494,97790.446279,0.00091,0,0.174766,17499,0.344326
11846,HOBGOBLIN V/JASON PH,,189,10,471,4,0.408571,0.432577,23041.607482,0.000442,0,0.224417,3987,0.115345
11847,ELECTRO/MAX DILLON,,268,10,486,4,0.460924,0.480649,42009.828846,0.000562,0,0.264352,9458,0.264122
11850,CITIZEN V III/DALLAS,,232,1,478,4,0.439926,0.462425,40933.062507,0.000479,0,0.246679,6610,0.182949
11851,FIXER II/PAUL NORBER,,293,1,642,4,0.467509,0.486892,83360.435089,0.00062,0,0.211861,9063,0.261576
11853,CITIZEN V II/HELMUT,,432,2,920,5,0.401346,0.432591,320338.993232,0.001528,0,0.050668,4717,0.201366
11865,"CUSHING, KATE",,146,10,435,4,0.429129,0.450315,10592.941625,0.000318,0,0.327067,3462,0.126927
11872,MARROW/SARAH,,318,6,947,5,0.405272,0.432687,101911.475729,0.001007,0,0.079281,3996,0.193127
11873,CALLISTO,,193,8,443,4,0.437126,0.458856,22424.35476,0.000396,0,0.338785,6277,0.185705
11885,REDWING,,264,1,589,4,0.466422,0.484912,29960.599909,0.000548,0,0.322906,11210,0.302206
11886,DIAMONDBACK II/RACHE,,234,1,617,4,0.438927,0.461674,32052.58024,0.000481,0,0.238142,6492,0.191055
11898,"KNIGHT, MISTY",,324,13,779,4,0.463009,0.483946,89693.043786,0.000698,0,0.170088,8900,0.270222
11904,EEL II/EDWARD LAVELL,,145,1,189,4,0.429041,0.450035,8327.050092,0.000293,0,0.384962,4019,0.151175
11911,IRON FIST/DANIEL RAN,,545,13,1378,4,0.490232,0.511032,329696.073796,0.0012,0,0.159802,23689,0.460121
11915,BLACK GOLIATH/DR. WI,,183,2,352,4,0.457109,0.47499,35052.2241,0.000402,0,0.347025,5779,0.227694
11916,POWER MAN/ERIK JOSTE,,419,1,983,4,0.467278,0.490444,113993.772779,0.000862,0,0.167887,14702,0.328179
11917,MENTOR/ALARS [ETERNA,,148,2,280,4,0.442631,0.462409,14640.985233,0.000312,0,0.428296,4659,0.199229
11918,ISAAC,,132,2,226,4,0.439444,0.458904,7227.457717,0.000274,0,0.496299,4291,0.190107
11922,MULTIPLE MAN/JAMES A,,306,8,901,4,0.461331,0.482078,48695.572659,0.000615,0,0.299454,13974,0.326577
11924,WHIPLASH/MARK SCARLO,,199,1,311,4,0.435866,0.458154,36916.807651,0.000427,0,0.251967,4964,0.177962
11925,"HAMMER, JUSTIN",,149,10,296,4,0.41838,0.440775,19908.33501,0.000329,0,0.249773,2754,0.116665
11933,MADAME MASQUE/GIULIE,,137,2,295,4,0.421063,0.44301,10172.258993,0.000314,0,0.278446,2594,0.124061
11937,DEADPOOL/JACK/WADE W,,206,8,394,4,0.446302,0.466983,136160.707585,0.000517,0,0.154771,3268,0.142325
11941,"LANG, CASSANDRA CASS",,137,7,221,4,0.438577,0.458633,11362.888299,0.000298,0,0.384714,3584,0.171141
11948,GREY GARGOYLE/PAUL P,,141,1,203,4,0.441619,0.461323,19206.060793,0.000306,0,0.388956,3839,0.17754
11964,HAMMERHEAD,,139,10,317,4,0.419405,0.441454,12710.663044,0.000312,0,0.301428,2891,0.107886
11965,"OSBORN, NORMIE",,175,10,407,4,0.425145,0.447976,19302.134594,0.0004,0,0.279146,4250,0.128059
11971,DARKHAWK/CHRIS POWEL,,347,3,940,4,0.482349,0.499058,183006.96198,0.000725,0,0.246606,14804,0.352458
11972,LIVING LIGHTNING/MIG,,348,2,1051,4,0.473725,0.492839,71688.656795,0.00072,0,0.264103,15946,0.355414
11976,RAGE/ELVIN DARYL HAL,,276,3,713,4,0.469337,0.487339,63959.238921,0.000576,0,0.260791,9897,0.29359
11979,SERSI/SYLVIA,,573,4,1589,4,0.490347,0.511855,161470.406602,0.001132,0,0.175484,28758,0.510735
11995,MAXIMUS [INHUMAN],,163,7,504,4,0.433118,0.454593,18523.706769,0.000344,0,0.289101,3817,0.160492
11996,MEDUSA/MEDUSALITH AM,,445,7,1397,4,0.480905,0.501181,99349.422385,0.000899,0,0.212441,20987,0.427564
11999,QUICKSAND,,141,1,229,4,0.409984,0.432034,5769.893577,0.000274,0,0.376292,3714,0.113361
12004,EXECUTIONER II/SKURG,,199,4,417,4,0.453259,0.472291,15015.257726,0.000398,0,0.366327,7217,0.241297
12005,FORGOTTEN ONE/GILGAM,,186,4,412,4,0.433028,0.454961,14465.746154,0.000367,0,0.32787,5641,0.207667
12022,SHOCKER/HERMAN SCHUL,,141,10,213,4,0.423077,0.444838,11562.157139,0.000309,0,0.328977,3247,0.144345
12025,"ROBERTSON, RANDY",,156,10,453,4,0.400545,0.423181,10958.289085,0.000367,0,0.275765,3334,0.091497
12034,FIREFIST/RUSTY COLLI,,185,8,589,4,0.422991,0.44586,9230.049133,0.000361,0,0.361398,6151,0.183231
12042,SKIDS/SALLY BLEVINS,,188,8,613,4,0.420724,0.443721,13576.954639,0.000374,0,0.335362,5895,0.173362
12061,"KENT, CLARK",,166,8,196,4,0.456749,0.474167,11581.535968,0.000338,0,0.389923,5340,0.217943
12062,GHAUR [DEVIANT],,154,4,297,4,0.447028,0.46569,16060.778858,0.000314,0,0.362872,4275,0.19323
12064,"MERCADO, JOY",,132,10,373,4,0.401176,0.423029,5842.219108,0.000291,0,0.336341,2908,0.095468
12065,VIPER II,,224,1,408,4,0.465902,0.483044,47238.630303,0.000472,0,0.266015,6644,0.237986
12092,WIZARD/BENTLEY WITTM,,238,7,521,4,0.46472,0.482573,22430.125272,0.000484,0,0.341595,9634,0.297041
12095,MOONSTONE II/KARLA S,,424,1,1009,4,0.464038,0.488113,101885.622264,0.00085,0,0.169109,15165,0.329001
12096,BEETLE/ABNER RONALD,,593,2,1419,5,0.41423,0.450505,584961.595515,0.002168,0,0.049246,8644,0.293714
12098,TIGER SHARK/TODD ARL,,186,1,348,4,0.445597,0.465753,24452.521882,0.000387,0,0.307701,5294,0.191146
12111,"O'BRIEN, MICHAEL",,279,1,538,4,0.47422,0.491147,31270.489742,0.000566,0,0.339986,13185,0.336041
12112,"SIKORSKY, RAYMOND",,145,1,236,4,0.44986,0.468308,11584.746022,0.000305,0,0.411015,4291,0.194318
12116,LUNA/LUNA MAXIMOFF [,,229,7,515,4,0.454561,0.474311,22911.136045,0.000461,0,0.359649,9389,0.286517
12121,DORMAMMU,,146,5,344,4,0.434524,0.455424,66008.925462,0.000372,0,0.27265,2886,0.149535
12132,SELENE,,179,8,379,4,0.433423,0.454929,37986.124406,0.000378,0,0.306635,4885,0.173496
12135,CALIBAN/,,210,8,661,4,0.448526,0.468787,24547.260501,0.000429,0,0.331875,7283,0.212519
12136,MAGMA/AMARA AQUILLA/,,192,8,676,4,0.454106,0.472667,17513.32448,0.00038,0,0.371891,6819,0.228113
12145,WHIRLWIND/DAVID CANN,,199,2,311,4,0.456769,0.475301,12384.817644,0.000406,0,0.409522,8068,0.26242
12147,DEMOLITION MAN/DENNI,,168,1,366,4,0.435684,0.457076,10623.119786,0.000342,0,0.340605,4778,0.183156
12149,SWORDSMAN III/PHILIP,,133,2,301,4,0.428056,0.449141,5917.224363,0.000277,0,0.437457,3840,0.167781
12150,"MCLAREN, MEGAN",,137,2,209,4,0.451709,0.469577,13234.056682,0.000292,0,0.496994,4630,0.201797
12176,STINGRAY/DR. WALTER,,371,2,729,4,0.410064,0.439107,167268.243265,0.001156,0,0.092431,6344,0.263316
12177,"LE FEY, MORGAN",,154,7,316,4,0.449318,0.468124,15061.829265,0.000323,0,0.392921,4629,0.195872
12179,FIREBIRD/BONITA JUAR,,204,2,468,4,0.463997,0.480865,13013.226249,0.000417,0,0.486526,10074,0.299474
12182,WEREWOLF BY NIGHT/JA,,192,5,349,4,0.463338,0.480099,90442.674484,0.000462,0,0.413122,7575,0.245043
12196,BROTHER VOODOO/DANIE,,175,5,247,4,0.45627,0.474191,55342.076781,0.0004,0,0.4622,7037,0.230715
12198,"DRUMM, JERICHO",,131,5,171,4,0.440669,0.460269,20911.792997,0.000297,0,0.632061,5382,0.192696
12218,TOAD/MORTIMER TOYNBE,,233,8,547,4,0.461555,0.480035,30339.695438,0.00048,0,0.28674,7750,0.256558
12238,"KELLY, SEN. ROBERT E",,208,8,361,4,0.431292,0.45409,15053.472699,0.000425,0,0.29464,6343,0.188354
12242,BLACK KING/SEBASTIAN,,271,8,591,4,0.453219,0.474471,155996.377665,0.000567,0,0.248408,9088,0.247928
12243,TESSA,,160,8,321,4,0.413278,0.435945,9162.194914,0.000331,0,0.357469,4547,0.14992
12247,SPIRAL,,201,8,425,4,0.445959,0.466384,32719.527191,0.000421,0,0.328905,6611,0.219442
12295,BOX IV/MADISON JEFFR,,148,8,604,4,0.43563,0.456254,23869.060245,0.000317,0,0.323221,3516,0.154202
12297,AURORA/JEANNE-MARIE,,556,6,1641,4,0.420436,0.454833,341847.3393,0.001739,0,0.068067,10502,0.350096
12299,PUCK/EUGENE MILTON J,,369,8,1353,4,0.476123,0.49521,145092.034742,0.00077,0,0.231869,15743,0.352564
12300,NORTHSTAR/JEAN-PAUL,,571,6,1823,4,0.421114,0.455942,343097.5304,0.00173,0,0.073377,11941,0.371256
12315,SNOWBIRD/NARYA/ANNE,,313,6,828,4,0.406282,0.433327,67737.452592,0.000916,0,0.064328,3141,0.20302
12317,TALISMAN II/ELIZABET,,165,8,511,4,0.452905,0.470862,15800.307768,0.000341,0,0.389357,5268,0.205215
12330,LILANDRA NERAMANI [S,,332,8,1017,4,0.469591,0.489167,46919.993654,0.000651,0,0.273123,15007,0.347738
12354,MODOK/GEORGE TARLETO,,173,1,251,4,0.442593,0.463215,15559.133343,0.000367,0,0.314424,4678,0.198764
12362,MELTER/BRUNO HORGAN,,168,1,248,4,0.459463,0.476506,12750.55398,0.000353,0,0.430211,6035,0.226989
12363,SCREAMING MIMI/MELIS,,430,1,954,4,0.469739,0.492624,117206.318206,0.000868,0,0.177308,16354,0.349273
12384,THUNDERBIRD II/JAMES,,446,8,1272,4,0.462271,0.487339,200930.345509,0.000965,0,0.151287,15013,0.322872
12393,EPOCH,,146,2,216,4,0.447162,0.465753,11641.738742,0.000297,0,0.440529,4663,0.181433
12405,"CARTER, PEGGY",,330,1,675,4,0.466631,0.487164,54327.180657,0.000671,0,0.205103,11134,0.303836
12413,WARSTAR,,130,8,205,4,0.420013,0.441262,7359.490513,0.000261,0,0.43709,3665,0.147921
12416,ORACLE/LADY SIBYL,,148,8,266,4,0.425613,0.447026,11097.54992,0.000297,0,0.410737,4468,0.166575
12435,DEATHBIRD [SHI'AR],,199,8,420,4,0.439222,0.46074,22225.464292,0.000411,0,0.314705,6200,0.209085
12465,"ROBERTSON, MARTHA",,143,10,339,4,0.418749,0.440791,10344.09181,0.000321,0,0.320398,3253,0.100571
12536,"LUMPKIN, WILLIAM WIL",,189,10,298,4,0.44535,0.465458,14287.305444,0.00039,0,0.383598,6815,0.236462
12544,SLEEPWALKER,,134,9,203,4,0.438816,0.458665,110481.463807,0.000335,0,0.358321,3193,0.156516
12553,NIGHTHAWK/KYLE RICHM,,145,5,266,4,0.454918,0.472124,25199.467895,0.000304,0,0.635153,6631,0.219968
12573,RED WOLF III/WILL TA,,140,1,190,4,0.451651,0.469418,38729.366454,0.000317,0,0.68407,6656,0.221121
12588,WHITE QUEEN/EMMA FRO,,387,8,1145,4,0.459059,0.48302,163808.20249,0.000822,0,0.173408,12952,0.296018
12606,MIKHLO,,194,1,290,4,0.447143,0.46747,8367.131103,0.000388,0,0.475135,8895,0.262658
12607,IGOR,,196,1,288,4,0.449221,0.469258,9013.864057,0.000394,0,0.479016,9154,0.268326
12608,PEATOR,,206,1,305,4,0.467299,0.483619,17321.196272,0.000424,0,0.472887,9985,0.285204
12609,RED GHOST/IVAN KRAGO,,213,1,293,4,0.46636,0.483124,29813.352602,0.000442,0,0.445611,10061,0.287304
12634,ATTUMA,,191,13,371,4,0.45639,0.475053,19250.357504,0.000402,0,0.376026,6823,0.246276
12641,PLUTO [OLYMPIAN],,141,4,250,4,0.428425,0.449389,18045.192347,0.000304,0,0.316312,3122,0.153454
12676,WATER WIZARD/PETE,,151,3,210,4,0.42774,0.449173,16472.917426,0.000311,0,0.356909,4042,0.147929
12678,SCOURGE,,130,1,150,4,0.427023,0.447984,9443.000071,0.000274,0,0.309839,2598,0.135575
12743,SHATTERSTAR II/GAVEE,,211,8,655,4,0.419557,0.443401,20884.423185,0.000434,0,0.287294,6365,0.173615
12744,CYPHER/DOUG RAMSEY,,298,8,955,4,0.46377,0.483667,65805.144429,0.000609,0,0.270987,11992,0.301901
12745,BOOMER/TABITHA SMITH,,433,8,1683,4,0.46881,0.491961,202443.016215,0.000943,0,0.152339,14248,0.310431
12746,RICTOR/JULIO ESTEBAN,,226,8,887,4,0.425127,0.449109,21538.890633,0.000457,0,0.289479,7360,0.194253
12748,SIRYN/THERESA ROURKE,,362,8,1018,4,0.4472,0.472635,129399.118752,0.000778,0,0.17124,11189,0.258324
12757,"WING, COLLEEN",,229,13,569,4,0.444345,0.465961,50823.607197,0.00051,0,0.194974,5090,0.194584
12771,SHROUD/MAXIMILLIAN Q,,164,1,267,4,0.444194,0.464045,18230.944228,0.000346,0,0.522819,6988,0.231649
12777,SPIDER-WOMAN/JESSICA,,288,6,593,4,0.476406,0.492991,104906.866566,0.000635,0,0.298272,12327,0.330378
12805,DARKSTAR/LAYNIA SERG,,321,1,596,4,0.479711,0.496328,42925.876367,0.000645,0,0.340615,17494,0.386057
12806,VANGUARD/NICOLAI KRY,,276,1,514,4,0.477277,0.493215,30233.085715,0.000554,0,0.402661,15281,0.358571
12807,URSA MAJOR/MIKHAIL U,,170,1,273,4,0.462968,0.479221,12356.247101,0.000351,0,0.629307,9040,0.267654
12811,X-MAN/NATHAN GREY,,341,6,689,5,0.405414,0.433493,566353.81835,0.001483,0,0.041245,2391,0.166816
12882,WRECKER III/DIRK GAR,,228,4,633,4,0.470777,0.486948,28129.226042,0.000462,0,0.342028,8851,0.280256
12891,KARMA/XI'AN COY MANH,,183,8,545,4,0.44743,0.466927,29156.033617,0.00038,0,0.379211,6315,0.214022
12897,HUSK/PAIGE GUTHRIE,,231,8,674,4,0.429624,0.45322,58559.700801,0.000501,0,0.226275,6011,0.181432
12898,SKIN/ANGELO ESPINOSA,,223,8,660,4,0.433315,0.456294,60830.586669,0.000488,0,0.226235,5600,0.180086
12899,M,,135,8,387,4,0.393094,0.414511,12518.039095,0.000298,0,0.273632,2475,0.095601
12900,SYNCH/EVERETT THOMAS,,212,8,624,4,0.434542,0.457036,55087.651687,0.00046,0,0.241706,5406,0.174453
12905,"SZARDOS, MARGALI",,148,8,221,4,0.444837,0.463758,19063.383725,0.000324,0,0.370381,4029,0.173719
12919,"GREY, DR. JOHN",,160,8,323,4,0.420826,0.442946,5273.715088,0.000318,0,0.425314,5410,0.179301
12923,IMPOSSIBLE MAN,,132,7,219,4,0.44026,0.459415,7634.408964,0.000278,0,0.329979,2853,0.160376
12938,FERAL/MARIA CALLASAN,,176,8,494,4,0.421999,0.444607,16919.786945,0.000355,0,0.31,4774,0.158553
12943,"WINGFOOT, WYATT",,143,7,375,4,0.418062,0.440256,14644.217675,0.000323,0,0.276175,2804,0.142117
12954,PALADIN/PAUL DENNIS,,297,1,464,4,0.475841,0.492815,67251.317741,0.000603,0,0.29682,13047,0.329003
13130,GRANDMASTER/EN DWI G,,186,7,293,4,0.450501,0.470144,19505.982204,0.000386,0,0.500203,8606,0.256952
13131,IKARIS/IKE HARRIS [E,,242,4,548,4,0.444364,0.466791,34121.57627,0.000481,0,0.342581,9990,0.264765
13132,THENA,,231,4,577,4,0.437529,0.460229,38225.537384,0.000466,0,0.248522,6602,0.206698
13140,ARCLIGHT/PHILLIPA SO,,139,8,316,4,0.414773,0.43664,6646.428856,0.000273,0,0.401731,3853,0.133029
13141,VERTIGO II,,135,8,272,4,0.418968,0.44052,6111.734192,0.000265,0,0.397125,3592,0.128892
13175,BLACK TOM CASSIDY,,135,8,263,4,0.409678,0.431746,9234.173491,0.000283,0,0.336761,3046,0.12776
13190,"STONE, LT. MARCUS",,161,4,308,4,0.433585,0.455016,19511.936129,0.000337,0,0.301863,3888,0.165362
13206,JOLT/HALLIE TAKAHAMA,,281,1,616,4,0.438208,0.46248,45999.076413,0.000578,0,0.205719,8093,0.20807
13208,CHARCOAL/CHARLIE BUR,,231,1,512,4,0.437291,0.460118,30388.643088,0.000476,0,0.251534,6682,0.189958
13218,MAN-KILLER/KATRINA L,,140,1,253,4,0.417076,0.438779,6892.837378,0.000283,0,0.369168,3592,0.116053
13250,"GREY, ELAINE",,139,8,295,4,0.418716,0.440312,4365.22254,0.00028,0,0.471796,4525,0.161635
13274,BATTLESTAR/LEMAR HOS,,152,1,244,4,0.42563,0.447497,18953.547574,0.00032,0,0.277013,3179,0.144216
13279,TITANIA II/MARY SKEE,,248,4,530,4,0.458032,0.47768,25126.663983,0.000486,0,0.286535,8776,0.261792
13291,PROWLER/HOBIE BROWN,,149,10,241,4,0.434343,0.455096,23823.813284,0.000333,0,0.309813,3416,0.143782
13403,"HOGARTH, JERYN",,133,13,223,4,0.423712,0.445229,26804.910193,0.000313,0,0.262474,2304,0.131872
13428,"WISDOM, PETER",,157,8,382,4,0.421352,0.443417,20378.821783,0.000339,0,0.33317,4080,0.148639
13437,TEXAS TWISTER/DREW D,,155,1,240,4,0.45625,0.473433,7628.00535,0.00032,0,0.674487,8050,0.247948
13518,SABRETOOTH/VICTOR CR,,270,8,605,4,0.462722,0.481975,60264.59016,0.000573,0,0.239543,8699,0.24839
13519,PILEDRIVER II/BRIAN,,258,2,807,5,0.401546,0.427474,90641.690761,0.000781,0,0.11275,3738,0.199682
13521,BULLDOZER/HENRY CAMP,,176,4,556,4,0.451905,0.47103,14398.366968,0.000359,0,0.378896,5835,0.224393
13607,"LEE, STAN",,173,7,206,4,0.454502,0.47297,20938.767634,0.000369,0,0.357844,5324,0.210723
13619,SABRA/RUTH BAT-SERAP,,221,1,345,4,0.467007,0.483683,27949.176211,0.000453,0,0.444796,10813,0.301192
13714,DARK BEAST/HENRY MCC,,177,8,299,4,0.441489,0.461866,35625.202854,0.000385,0,0.352851,5496,0.207274
13715,EBONY,,137,7,280,4,0.453141,0.470663,13689.653293,0.000298,0,0.477673,4450,0.209273
13735,BOLT II/CHRIS BRADLE,,151,3,231,4,0.447642,0.466192,24157.374728,0.000321,0,0.393731,4459,0.182892
13743,WILD CHILD/KYLE GIBN,,247,8,674,4,0.460415,0.479476,41601.982816,0.000512,0,0.342615,10409,0.273043
13761,EGO,,143,4,241,4,0.433549,0.454003,16337.611388,0.000292,0,0.413868,4202,0.174528
13789,CRIMSON COWL II/,,176,1,304,4,0.420588,0.443274,14495.424419,0.000353,0,0.313052,4821,0.144206
13820,"CHENEY, LILA",,147,8,302,4,0.410225,0.432465,5392.976524,0.000297,0,0.414127,4444,0.14731
13893,CORSAIR,,199,8,584,4,0.447411,0.467566,17248.013028,0.000398,0,0.379321,7473,0.234585
13899,"JONES, CHARLOTTE",,144,8,258,4,0.428706,0.449756,11407.708069,0.000302,0,0.35169,3621,0.162162
13904,PHOENIX II,,143,8,427,4,0.43051,0.451225,5688.473213,0.000289,0,0.354969,3604,0.149369
14002,RED GUARDIAN V,,138,1,219,4,0.422803,0.444104,6910.590079,0.00028,0,0.423887,4007,0.159611
14018,MANTIS/? BRANDT,,145,2,437,4,0.440186,0.460213,7166.779818,0.000305,0,0.407088,4250,0.185341
14025,EXODUS/BENNET DUPARI,,135,13,263,4,0.416776,0.438532,10069.781909,0.000279,0,0.412161,3728,0.148643
14030,BOVA,,140,13,314,4,0.429677,0.450586,22923.435581,0.000298,0,0.35149,3420,0.159597
14050,MASTER/ESHU,,135,8,266,4,0.426238,0.447648,9495.955271,0.000283,0,0.349585,3162,0.13779
14053,X-RAY,,136,5,203,4,0.449666,0.467917,16794.645307,0.000297,0,0.416993,3828,0.184412
14054,IRONCLAD,,133,5,221,4,0.435321,0.455631,11216.354515,0.000285,0,0.409319,3593,0.172404
14056,VECTOR,,130,5,202,4,0.442649,0.461874,12029.567422,0.00028,0,0.434824,3646,0.177493
14057,VAPOR,,168,5,249,4,0.439648,0.460557,16996.398154,0.000349,0,0.338751,4752,0.186929
14122,VOLCANA/MARSHA ROSEN,,140,7,350,4,0.453613,0.470679,8956.647145,0.000292,0,0.507503,4938,0.210475
14257,"STRUCKER, ANDREA",,161,8,270,4,0.433585,0.454561,16105.909825,0.000333,0,0.312655,4027,0.16905
14259,"STRUCKER, ANDREAS",,165,8,297,4,0.438264,0.458792,19496.748917,0.000344,0,0.307243,4157,0.173386
14267,LEGION II/DAVID HALL,,142,8,323,4,0.428144,0.449125,9795.718642,0.000295,0,0.441115,4416,0.164139
14269,ARABIAN KNIGHT/ABDUL,,168,1,294,4,0.46686,0.482118,45646.944791,0.00038,0,0.631737,8862,0.265677
14278,DIAMOND LIL/LILLIAN,,159,6,595,5,0.380236,0.40141,83718.23431,0.000539,0,0.10039,1261,0.087867
14296,GUARDIAN/JAMES MACDO,,301,8,706,4,0.473875,0.491386,72318.9662,0.000616,0,0.302082,13639,0.33641
14407,BLOODSTORM | MUTANT,,155,14,376,5,0.342858,0.356049,102809.794027,0.000796,0,0.079933,954,0.01638
14424,KARKAS [DEVIANT],,141,4,339,4,0.425526,0.447185,17128.941536,0.000291,0,0.342857,3384,0.140155
14425,AJAK/TECUMOTZIN [ETE,,190,4,260,4,0.455235,0.47392,24318.295639,0.000379,0,0.476692,8559,0.245153
14486,ANGAR THE SCREAMER/D,,133,1,179,4,0.408507,0.430621,10999.130875,0.000291,0,0.290043,2546,0.1278
14614,CH'OD,,169,8,482,4,0.442143,0.462177,8793.007016,0.000334,0,0.445478,6324,0.21194
14619,VISION DOPPELGANGER,,157,8,214,5,0.395791,0.417799,15104.051767,0.000384,0,0.331945,4065,0.163209
14623,SILHOUETTE,,243,3,595,4,0.462332,0.480865,42499.326299,0.000491,0,0.327075,9617,0.269721
14630,IRON MAN DOPPELGANGE,,139,8,308,4,0.456769,0.473154,4171.423284,0.000279,0,0.758628,7276,0.222601
14638,MR. FANTASTIC DOPPEL,,159,8,354,4,0.461392,0.477408,13327.620484,0.000324,0,0.642146,8066,0.235045
14639,DAREDEVIL DOPPELGANG,,146,8,279,4,0.45759,0.474096,8846.657765,0.000299,0,0.681153,7210,0.219684
14641,WOLVERINE DOPPELGANG,,130,8,262,4,0.455315,0.47182,4826.556946,0.000262,0,0.768754,6446,0.208995
14804,GAEA,,146,4,179,4,0.417861,0.440025,6957.187253,0.00029,0,0.358148,3791,0.153781
14825,"MADDICKS, ARTHUR ART",,202,8,651,4,0.424505,0.447656,24919.88467,0.000399,0,0.294222,5973,0.180084
14868,SHIP,,171,8,284,4,0.436541,0.457379,15329.692997,0.000356,0,0.344548,5008,0.183596
14917,BLITZKRIEG/,,165,1,247,4,0.462599,0.478734,25037.863458,0.000343,0,0.63799,8632,0.259718
15002,VALINOR,,141,1,181,4,0.454997,0.472164,14967.636697,0.000304,0,0.647214,6388,0.220897
15013,"ROSS, EVERETT KENNET",,135,10,289,4,0.440929,0.460413,18001.269558,0.0003,0,0.332559,3008,0.14878
15251,CHAMBER/JONOTHON STA,,207,8,647,4,0.42788,0.450873,54437.281377,0.000468,0,0.216828,4623,0.15506
15394,LEECH,,207,8,629,4,0.42142,0.444974,22679.903017,0.000411,0,0.30613,6527,0.18785
15648,MAM'SELLE HEPZIBAH,,161,8,458,4,0.439259,0.459447,7725.397408,0.000319,0,0.45854,5906,0.206113
15649,RAZA LONGKNIFE,,172,8,493,4,0.448565,0.467629,12167.650638,0.000345,0,0.44458,6538,0.221989
15686,SHAMROCK/MOLLY FITZG,,166,1,262,4,0.46686,0.481943,15797.274119,0.000346,0,0.651552,8923,0.268112
15725,CRIMSON DYNAMO V/DIM,,163,1,281,4,0.459584,0.476251,14532.589038,0.000341,0,0.559267,7384,0.243614
15940,BEDLAM/JESSE AARONSO,,130,8,292,4,0.392237,0.413793,16479.935508,0.000309,0,0.254144,2131,0.092883
15944,"CORSI, TOM",,136,8,238,4,0.421539,0.442898,7587.609961,0.000272,0,0.415033,3810,0.148916
16380,SAURON/DR. KARL LYKO,,154,8,348,4,0.430581,0.451791,13341.236105,0.000325,0,0.316272,3726,0.153599
17283,GYPSY MOTH,,177,1,294,4,0.44722,0.467166,10025.309168,0.00035,0,0.48594,7569,0.230887
17297,UNION JACK III/JOEY,,173,1,207,5,0.400008,0.422724,31624.301742,0.000422,0,0.269794,4014,0.162352
17819,THUNDERBIRD III/NEAL,,146,8,259,4,0.437676,0.457547,10326.049702,0.000309,0,0.425319,4502,0.178756
18298,COLLECTIVE MAN,,133,1,175,4,0.456929,0.473537,14110.788024,0.000285,0,0.834586,7326,0.234848
